{
  "horizon_h": 2,
  "features": [
    "H_mostiste",
    "dH_mostiste_1h",
    "rolling_dH_3h"
  ],
  "intercept": -20.25690445183673,
  "coefficients": {
    "H_mostiste": 0.4066805476411576,
    "dH_mostiste_1h": -0.09144632873429115,
    "rolling_dH_3h": -0.10493198538271671
  }
}